{
  "uid" : "b1a8273437954620fa374b796ffaacdd",
  "name" : "behaviors",
  "children" : [ {
    "name" : "登录功能点",
    "children" : [ {
      "name" : "自定义的测试标题",
      "uid" : "7fa207d29bfadea2",
      "parentUid" : "49d22d0b4652d1d0394a7fc0ed8b042b",
      "status" : "broken",
      "time" : {
        "start" : 1603598568242,
        "stop" : 1603598568287,
        "duration" : 45
      },
      "flaky" : false,
      "newFailed" : false,
      "parameters" : [ "'bull'", "'登录成功'", "'123456'" ]
    } ],
    "uid" : "49d22d0b4652d1d0394a7fc0ed8b042b"
  }, {
    "name" : "test_No_Decorator[bull-123456-登录成功]",
    "uid" : "11bdf1c3b87a94e7",
    "parentUid" : "b1a8273437954620fa374b796ffaacdd",
    "status" : "broken",
    "time" : {
      "start" : 1603598568362,
      "stop" : 1603598568405,
      "duration" : 43
    },
    "flaky" : false,
    "newFailed" : false,
    "parameters" : [ "'bull'", "'登录成功'", "'123456'" ]
  } ]
}