{
  "uid" : "4b4757e66a1912dae1a509f688f20b0f",
  "name" : "categories",
  "children" : [ {
    "name" : "Test defects",
    "children" : [ {
      "name" : "json.decoder.JSONDecodeError: Expecting value: line 1 column 1 (char 0)",
      "children" : [ {
        "name" : "自定义的测试标题",
        "uid" : "7fa207d29bfadea2",
        "parentUid" : "7bcaf70ebf758f58bb51e7ee5ff79f52",
        "status" : "broken",
        "time" : {
          "start" : 1603598568242,
          "stop" : 1603598568287,
          "duration" : 45
        },
        "flaky" : false,
        "newFailed" : false,
        "parameters" : [ "'bull'", "'登录成功'", "'123456'" ]
      }, {
        "name" : "test_No_Decorator[bull-123456-登录成功]",
        "uid" : "11bdf1c3b87a94e7",
        "parentUid" : "7bcaf70ebf758f58bb51e7ee5ff79f52",
        "status" : "broken",
        "time" : {
          "start" : 1603598568362,
          "stop" : 1603598568405,
          "duration" : 43
        },
        "flaky" : false,
        "newFailed" : false,
        "parameters" : [ "'bull'", "'登录成功'", "'123456'" ]
      } ],
      "uid" : "7bcaf70ebf758f58bb51e7ee5ff79f52"
    } ],
    "uid" : "bdbf199525818fae7a8651db9eafe741"
  } ]
}