{
  "uid" : "83edc06c07f9ae9e47eb6dd1b683e4e2",
  "name" : "packages",
  "children" : [ {
    "name" : "allure报告相关的装饰器",
    "children" : [ {
      "name" : "自定义的测试标题",
      "uid" : "7fa207d29bfadea2",
      "parentUid" : "89015fa27a59831ec49627d91ab5eddb",
      "status" : "broken",
      "time" : {
        "start" : 1603598568242,
        "stop" : 1603598568287,
        "duration" : 45
      },
      "flaky" : false,
      "newFailed" : false,
      "parameters" : [ "'bull'", "'登录成功'", "'123456'" ]
    }, {
      "name" : "test_No_Decorator[bull-123456-登录成功]",
      "uid" : "11bdf1c3b87a94e7",
      "parentUid" : "89015fa27a59831ec49627d91ab5eddb",
      "status" : "broken",
      "time" : {
        "start" : 1603598568362,
        "stop" : 1603598568405,
        "duration" : 43
      },
      "flaky" : false,
      "newFailed" : false,
      "parameters" : [ "'bull'", "'登录成功'", "'123456'" ]
    } ],
    "uid" : "89015fa27a59831ec49627d91ab5eddb"
  } ]
}