{
  "uid" : "ab17fc5a4eb3bca4b216b548c7f9fcbc",
  "name" : "timeline",
  "children" : [ {
    "name" : "LAPTOP-LIVE0232",
    "children" : [ {
      "name" : "10796-MainThread",
      "children" : [ {
        "name" : "自定义的测试标题",
        "uid" : "7fa207d29bfadea2",
        "parentUid" : "aaad09c7c883a3268dc212b24f180607",
        "status" : "broken",
        "time" : {
          "start" : 1603598568242,
          "stop" : 1603598568287,
          "duration" : 45
        },
        "flaky" : false,
        "newFailed" : false,
        "parameters" : [ "'bull'", "'登录成功'", "'123456'" ]
      }, {
        "name" : "test_No_Decorator[bull-123456-登录成功]",
        "uid" : "11bdf1c3b87a94e7",
        "parentUid" : "aaad09c7c883a3268dc212b24f180607",
        "status" : "broken",
        "time" : {
          "start" : 1603598568362,
          "stop" : 1603598568405,
          "duration" : 43
        },
        "flaky" : false,
        "newFailed" : false,
        "parameters" : [ "'bull'", "'登录成功'", "'123456'" ]
      } ],
      "uid" : "aaad09c7c883a3268dc212b24f180607"
    } ],
    "uid" : "f965ba80da9fc54cf217865401dac06d"
  } ]
}