{
  "b74b6577d664d4fa19df160b7573169b" : {
    "statistic" : {
      "failed" : 0,
      "broken" : 1,
      "skipped" : 0,
      "passed" : 0,
      "unknown" : 0,
      "total" : 1
    },
    "items" : [ {
      "uid" : "11bdf1c3b87a94e7",
      "status" : "broken",
      "statusDetails" : "json.decoder.JSONDecodeError: Expecting value: line 1 column 1 (char 0)",
      "time" : {
        "start" : 1603598568362,
        "stop" : 1603598568405,
        "duration" : 43
      }
    } ]
  },
  "03eb1feff66691b17f08a47438fd9124" : {
    "statistic" : {
      "failed" : 0,
      "broken" : 1,
      "skipped" : 0,
      "passed" : 0,
      "unknown" : 0,
      "total" : 1
    },
    "items" : [ {
      "uid" : "7fa207d29bfadea2",
      "status" : "broken",
      "statusDetails" : "json.decoder.JSONDecodeError: Expecting value: line 1 column 1 (char 0)",
      "time" : {
        "start" : 1603598568242,
        "stop" : 1603598568287,
        "duration" : 45
      }
    } ]
  }
}